username,password
regUser1,regPass1
regUser2,regPass2
regUser3,regPass3
regUser4,regPass4
regUser5,regPass5
regUser6,regPass6
regUser7,regPass7
regUser8,regPass8
regUser9,regPass9
regUser10,regPass10
regUser11,regPass11
regUser12,regPass12
regUser13,regPass13
regUser14,regPass14
regUser15,regPass15
regUser16,regPass16
regUser17,regPass17
regUser18,regPass18
regUser19,regPass19
regUser20,regPass20
regUser21,regPass21
regUser22,regPass22
regUser23,regPass23
regUser24,regPass24
regUser25,regPass25
regUser26,regPass26
regUser27,regPass27
regUser28,regPass28
regUser29,regPass29
regUser30,regPass30
regUser31,regPass31
regUser32,regPass32
regUser33,regPass33
regUser34,regPass34
regUser35,regPass35
regUser36,regPass36
regUser37,regPass37
regUser38,regPass38
regUser39,regPass39
regUser40,regPass40
regUser41,regPass41
regUser42,regPass42
regUser43,regPass43
regUser44,regPass44
regUser45,regPass45
regUser46,regPass46
regUser47,regPass47
regUser48,regPass48
regUser49,regPass49
regUser50,regPass50
